Timestamp,Teaching_Learning_Process,Curriculum_Relevance,Infrastructure_Facilities,Library_Resources,Laboratory_Facilities,IT_Infrastructure,Student_Support_Services,Administrative_Efficiency,Extracurricular_Activities,Research_Promotion,Gender_Sensitivity,Environmental_Consciousness
2025-03-18T12:59:32.425877,3,3.0,3.632147177570567,3.317808306209548,2,2.463318599732302,3.3,2.4,3,4,4.0,3.2239985764186456
2024-06-19T04:44:24.240102,3,4.0,3.1911325506733146,3.429929560066552,4,4,2.3,1.3,2,2.965578873649213,3.5,3.9281465329152487
2024-07-02T03:24:49.419870,4,4.0,2.3314455790783555,2.640505599291176,3,2.3171190503215064,2.9,2.7,2,4,3.5,3.7090216566021863
2024-06-18T19:26:18.941563,3,4.0,3.7101273448360432,2.645373881957541,2,2.286943886423702,3.7,2.4,4,3.197452513720671,3.5,3.3975079550347607
2024-09-09T18:03:49.808630,4,3.0,3.1930632023312002,2.848392949481257,3,2.338920511824222,3.7,2.1,4,2.7986578684449603,4.0,3.5252220062151656
2025-02-13T15:27:50.265038,3,3.5,2.7984567478248215,3.9187198779071255,2,2.5671853337374406,3.2,2.5,3,2.455185133641085,4.0,3.9157028363223736
2024-05-12T10:16:00.036821,3,3.0,4,3.8829663371530154,3,2.741826828037603,2.8,2.9,3,2.779549080507075,3.5,3.4868276406035466
2024-12-20T03:01:55.275806,3,4.0,2.5738383527674795,3.545367594064209,4,2.176292976829518,3.4,2.5,4,3.6534440383692917,4.0,3.284818948049149
2024-04-06T23:48:54.353905,2,4.0,3.798752073895575,3.1172073486177316,4,4,3.5,2.3,4,1.192070373962729,3.5,3.634571432552704
2024-06-27T14:15:10.479863,3,3.5,3.630351951662109,2.7171837394634735,3,2.1925511497663437,3.0,2.4,4,1.45832508600519,3.5,3.2778455450244834
2024-04-26T21:45:17.956043,3,4.0,2.4104668253657655,3.3571168559359896,2,2.3998201556341514,3.2,2.2,4,1.5469413944402282,4.0,3.6247382624357702
2024-10-16T01:42:54.031534,4,4.0,4,3.9342337494760082,3,3.581533172721103,2.6,1.3,2,3.5808548199277737,3.5,3.695059998201715
2024-11-28T19:48:18.419463,2,3.0,4,3.6382128674205783,4,2.509459414113512,3.2,1.1,4,3.5986253588181203,3.5,3.644905786327229
2024-12-18T19:21:12.651094,3,4.0,4,3.5389145559122284,2,2.6210789223545183,3.3,1.7,3,0.6497490302236564,3.5,3.186303681850954
2025-02-21T08:51:10.743743,3,3.5,2.081099940652277,2.5276543723722056,2,2.740550790334851,3.4,1.6,3,3.4704288258984763,3.5,3.019201123317065
2024-11-10T14:45:03.800883,3,3.0,4,3.3547696573766697,3,2.2502937234338254,3.2,2.3,2,2.6685130374146007,3.5,3.2793333287844484
2025-02-18T22:21:21.015277,4,3.5,2.047491419852376,3.334489820640966,2,2.291026180920796,2.6,3.8,3,2.4796516151055013,3.5,3.5926775520540004
2024-08-06T05:42:55.821590,3,4.0,4,3.415813753373825,4,2.167795101408582,3.0,1.5,4,4,3.5,3.881336280157927
2024-05-31T22:45:48.819090,4,4.0,1.9270226036510418,2.815166467558902,2,2.6594040689374956,3.0,0.6,3,4,4.0,3.7098645724497485
2025-02-22T23:20:50.858617,2,3.5,2.512335834102532,2.8706271170471815,2,3.3941530455809836,3.6,1.6,3,4,3.5,3.043348407081152
2024-06-26T04:47:37.520884,2,3.5,3.087355479167133,3.561521354525884,3,2.288702904009847,2.9,3.1,4,1.4530202701626027,4.0,3.634788291583148
2024-09-16T06:06:02.089023,5,3.5,3.212279224865521,3.021386020002802,2,3.5006863496408673,3.2,1.2,4,2.7698895630016165,3.5,3.6580540956261562
2025-03-21T22:48:29.414890,2,3.0,3.568062785928662,3.7031640823448297,4,4,3.2,0.8,3,3.3760224042089355,3.5,3.9486682159437323
2024-12-14T22:30:03.488115,2,3.0,3.2571792372004174,3.923243359246825,2,2.3891509068920405,3.2,0.3,4,3.2836984648204033,3.5,3.5350588497224016
2024-05-08T01:27:10.766088,2,4.0,4,3.1122836809947367,2,2.4504192593475937,2.9,2.5,4,4,3.5,3.40941545852136
2024-05-21T06:30:38.072043,2,3.0,1.350048881301761,3.752244681423971,3,3.358975471593049,3.3,1.9,4,4,3.5,3.0449824336376845
2025-01-11T02:43:44.008662,3,3.5,4,3.790824326155616,2,2.6226391925552974,3.0,0.2,4,2.428196534015001,3.5,3.0578663971478925
2024-06-19T22:56:34.348446,3,3.5,2.559173219217999,3.762637233101402,2,2.8287157402596543,2.6,2.0,4,2.3470698853066883,4.0,3.4575946857457436
2025-03-16T21:35:59.654753,3,4.0,4,3.6018078901903072,4,4,3.0,2.5,2,4,3.5,3.7171881415931107
2025-03-25T07:33:36.925683,3,3.0,2.8292375388900366,2.899998186935836,3,4,3.8,3.1,3,3.160459538851891,3.5,3.6181977241158867
2024-08-24T19:28:14.046592,3,3.0,4,2.939100152571937,4,2.456848057820407,3.5,3.6,4,2.3497272713465285,3.5,3.0199581640572637
2024-08-27T04:17:20.446532,4,4.0,2.9052263752137613,3.365924074207916,4,4,3.5,2.7,2,3.1804839772929507,4.0,3.059145054430522
2024-11-02T06:00:20.595989,4,3.5,3.6719172090929377,2.679209672429081,4,2.071602947741958,3.7,1.8,4,2.677160868826064,4.0,3.408480709902639
2024-09-26T21:36:35.748245,4,3.0,2.473838957875963,2.5897628095916,3,2.131540879105087,3.3,2.7,2,3.2515127611736756,3.5,3.2712257841413477
2025-03-27T01:05:05.867845,5,4.0,2.78310812441913,3.143233203637622,4,2.021159953975656,2.9,2.9,3,4,3.5,3.4693467229491586
2024-06-24T10:31:57.823337,3,4.0,2.21281496948645,3.2335157223435385,2,3.362828300398319,3.8,0.7,3,4,3.5,3.2656935182314712
2025-03-07T14:21:40.886012,2,4.0,4,2.8107313491545183,4,2.1131771663036982,3.8,2.5,4,1.8844887159080954,3.5,3.315918412333063
2024-11-22T02:13:47.056449,3,4.0,3.89580854677145,2.7918705933858003,2,2.7570515256024555,3.6,2.3,2,3.461643330726441,4.0,3.0447772937276705
2024-05-02T23:13:03.027410,4,3.0,4,3.4233945465483058,3,2.4081072008562514,3.7,2.9,4,2.8789763237661132,4.0,3.299045779883546
2024-08-28T00:17:25.000776,4,3.5,4,3.0643306726032558,2,3.0026411704118354,3.1,2.7,3,3.001606275340459,3.5,3.1758988659033403
2025-02-21T13:04:16.765771,3,3.0,3.380563240216866,3.345249806605409,4,2.7702027481642104,3.7,1.7,4,3.2579096407709933,3.5,3.901862556995649
2024-10-12T17:06:36.681511,1,3.0,2.437676706752932,3.380753685101521,4,4,3.4,2.3,2,3.334867534892009,3.5,3.2124313222862635
2025-02-12T10:04:25.976617,4,3.5,2.724638043258061,3.592072711634448,3,2.518116966873741,3.6,2.9,2,2.7495012707885,3.5,3.667298888096164
2024-05-10T20:19:46.183782,3,3.5,1.4563515307865114,3.0165922167453196,4,4,2.5,1.1,2,2.0823993587118665,4.0,3.3482639790546873
2024-12-23T04:30:50.036095,4,4.0,3.6255511239326066,3.638713400240935,3,3.722563160691517,3.2,1.1,4,2.8994772858956317,3.5,3.6811301168088937
2025-03-26T06:01:16.126172,3,3.5,2.442882902737761,2.7310692970553885,3,2.280591424591608,2.6,1.0,4,1.572785340850971,3.5,3.0081690058966575
2024-11-18T07:38:43.167269,3,3.5,2.976763722903453,3.3794062780093803,2,2.460270241214182,3.3,3.1,3,4,3.5,3.664490758493429
2024-12-20T13:24:45.885233,5,3.0,3.7476191938983363,2.575255800866933,2,2.563241873458084,2.4,3.5,2,4,3.5,3.5130755821388364
2025-03-30T22:12:46.836032,4,3.0,4,3.555208933597992,3,3.0218731429842602,3.3,1.1,4,2.0411591580326984,3.5,3.728911153814157
2024-05-02T16:03:47.375772,4,3.5,1.3845706503341808,3.3457650153946057,4,2.102394549142586,3.4,2.0,4,2.817176544002912,4.0,3.089429872867186
2024-06-26T03:09:47.262674,4,3.5,2.8304727448857543,3.4024227102809403,4,4,2.5,1.3,4,3.31662934869583,3.5,3.013511713768658
2024-04-15T22:05:11.160981,3,3.0,3.3972309233052065,2.9412953717798063,3,2.0615769156827795,3.1,1.1,3,3.7900422872683004,3.5,3.438678000033164
2025-03-26T03:37:31.711326,3,3.0,2.6010064224489544,2.6069752799263624,3,2.414572177739253,3.4,1.5,3,2.1750795600414783,3.5,3.047207249748027
2024-11-26T15:18:43.568610,2,3.5,3.7138217944664715,3.61339595608922,2,2.384007703712599,3.3,0.3,4,3.9508301882778825,3.5,3.3657841538348006
2025-01-05T18:30:51.429746,4,4.0,2.4961373496902852,3.3601138984606864,2,4,3.9,1.4,3,1.7256578950415216,3.5,3.7145603909421343
2024-04-27T06:14:58.245637,4,4.0,4,2.7786940413878805,3,3.248488684070022,2.5,3.4,3,2.168044952716337,3.5,3.7480020213828107
2024-09-09T03:04:02.776886,3,3.5,3.012406911815473,2.722755875098564,4,2.051913855731687,3.8,0.6,3,4,3.5,3.3018400211161087
2025-02-09T22:42:21.508288,3,3.0,3.7927944816511374,3.388959964737767,2,3.1112602860946064,2.9,1.1,2,2.16362440245825,3.5,3.6015592237265874
2024-06-20T13:07:30.782552,3,3.5,1.5175610546081089,3.992442179269381,2,3.3943912792729884,2.5,1.5,3,3.2643067355117594,4.0,3.955451572520714
2025-03-12T15:57:17.843545,3,3.5,2.2569014119320894,2.888501277199174,4,2.8074790155063445,3.3,2.8,3,4,3.5,3.609929813149416
2025-02-25T18:24:43.028100,4,4.0,3.498512525270324,3.423758879281706,2,2.876873245282483,3.7,2.2,2,2.658514089393424,3.5,3.990457325833763
2024-11-02T08:58:23.522082,3,3.0,4,3.305517603256889,2,3.8467958191661547,2.3,1.2,4,3.0076863403594154,4.0,3.815333412409763
2024-08-03T05:54:12.074455,4,4.0,3.788994317234838,3.8029449158998494,4,2.340668299856518,2.8,2.3,3,4,4.0,3.755227388512927
2024-06-02T06:16:51.872796,3,3.0,3.619282224053185,2.5627196413191102,4,2.7021666911221995,3.5,1.4,3,3.503343419278621,3.5,3.1454090239567254
2025-01-19T21:15:37.193383,3,4.0,1.7833600838181085,3.8980896660654833,4,2.7749791167644013,3.1,2.6,2,2.977529327971221,4.0,3.654414214304504
2024-12-24T18:52:09.007047,3,3.5,3.5607125634112764,3.448447706390205,2,2.32826918305463,3.8,1.7,2,4,3.5,3.0412481647606473
2024-09-07T10:37:14.595904,3,3.0,4,3.298225690129466,2,2.8457978346545114,3.5,2.1,4,3.5509199805703275,3.5,3.173345281365691
2025-03-19T23:07:40.306724,4,3.5,2.1877472073268907,3.4289423453093018,2,2.855268659811931,3.8,0.7,2,2.705730576493712,3.5,3.2014379203566903
2024-10-16T23:14:13.790299,3,4.0,2.179130793109287,3.3424578437991985,3,3.2075655950859794,3.3,0.8,4,3.49966615385678,3.5,3.2526039880192528
2024-05-08T21:31:28.962636,4,3.0,1.1483307799062183,3.6610211874679677,2,2.2358657505679127,3.1,0.9,4,2.8704402930230883,3.5,3.334289322628571
2024-10-31T07:46:29.754353,5,3.5,3.1545979829301656,2.9553276995429694,3,3.7406198704128832,2.5,0.4,2,2.962262007111631,4.0,3.096443175933031
2024-11-25T19:53:31.317437,2,3.0,3.7804942091698317,3.8403965676779332,3,2.0702131529733863,3.2,3.1,2,4,3.5,3.178813745833207
2024-07-21T00:27:05.637273,4,3.0,2.488225147628076,2.8863073353608635,4,2.3499387184733402,3.4,0.3,4,2.6369070653993516,4.0,3.5121673687928623
2024-04-30T04:58:49.068253,2,4.0,4,3.510781121780484,3,2.3528045744949933,2.9,0.6,2,3.860356358392484,3.5,3.5825263505069964
2024-08-06T04:20:28.594504,2,3.5,2.225628984815075,2.821140836819586,2,2.7497106665152065,3.5,1.8,4,4,3.5,3.245793722914402
2024-12-31T20:13:06.295366,3,3.5,2.1002455087381793,3.562695304711437,3,3.9430035335745557,3.0,0.6,3,3.986057138170332,3.5,3.6169205322979816
2024-11-30T19:30:43.243553,2,3.5,1.8216067072327966,2.9726719065358598,2,3.7412156956160145,3.1,0.2,3,3.059256676487389,3.5,3.5635617988742068
2024-04-21T13:54:48.589174,3,3.0,4,3.216328587722959,3,2.715206087530081,3.1,3.2,4,2.161497950165443,3.5,3.626703420669669
2025-02-17T13:04:07.189868,4,4.0,2.1171275168039543,3.6658137714524925,2,2.242049390855238,2.8,2.5,4,3.2500985403894913,3.5,3.98239222906453
2024-08-20T03:48:57.869736,2,3.0,3.6331536275302843,2.9028322984972674,3,3.8894872770002995,3.9,2.2,3,2.6416863033089224,3.5,3.797525447682543
2024-05-26T02:03:08.771544,2,4.0,2.118104568029046,3.902520312801939,4,2.592944970095288,3.2,2.3,2,3.5465933865754966,3.5,3.948440558490141
2024-05-16T01:43:15.349756,3,3.5,3.4158727789717758,3.955877563490073,3,3.2701235418008583,3.9,2.1,2,3.889445658717657,3.5,3.9444959360728507
2024-05-23T02:26:26.222186,3,4.0,4,2.7353092711644957,3,2.1436861227956427,3.5,2.9,4,4,4.0,3.879373763037283
2025-03-17T10:29:56.258438,4,4.0,4,3.227287761781054,3,2.8385763403156368,3.5,3.6,4,1.8961314616891118,3.5,3.1964609030994446
2024-11-10T20:17:33.684064,2,3.5,4,3.0650738236314474,3,2.197477422188006,2.7,2.2,4,2.264063783464925,3.5,3.8724273113385737
2025-03-23T15:51:01.402404,3,3.5,3.4470538619144513,2.5909211321115997,2,2.614031963911961,3.5,2.1,3,1.884408052339684,3.5,3.205994304328347
2024-11-10T22:57:05.886528,3,3.5,4,3.036808669699548,3,3.0266494451098938,2.8,0.5,3,2.430725059359548,3.5,3.3577327826017562
2024-12-03T14:27:46.269036,3,3.5,3.274653788387001,3.0264306511643917,4,2.536525373795808,3.4,3.0,2,4,3.5,3.3426364021597568
2024-09-05T16:26:22.771414,3,4.0,4,3.553347409675724,4,3.13147837120525,3.2,3.9,3,4,3.5,3.544142938704128
2024-05-13T21:03:35.731925,3,3.0,2.769475005479199,2.5843519813837887,4,4,3.9,1.5,4,4,3.5,3.7308757278558637
2025-01-03T03:33:08.376244,3,3.0,4,2.582453905131127,3,2.7394489853147537,3.2,3.2,3,2.2620415262003633,4.0,3.49175447316002
2024-04-21T05:22:06.949558,3,3.0,4,2.5012901763467013,4,2.128016925631305,3.2,2.4,2,4,3.5,3.2950353251160474
2024-12-08T06:23:07.769779,3,3.0,4,3.143035747518333,3,3.8134005120416794,3.4,1.8,3,1.579859757671505,3.5,3.5374710536234057
2024-06-20T18:45:33.650832,5,3.5,4,2.7184159929047125,4,4,3.8,0.6,3,2.2716177937683537,4.0,3.6113091151172103
2025-01-24T03:12:34.912847,3,3.0,3.5013482522336723,3.6971802077684837,2,2.2890616146498486,3.8,1.8,3,3.770518357297556,3.5,3.5893858512811696
2025-03-19T15:56:23.544729,3,4.0,3.796058987650968,3.4564174009014157,4,3.302299162421712,3.5,2.7,2,2.7641318141278224,3.5,3.3591224119180514
2025-02-10T00:19:20.845469,5,3.5,2.9701985012140923,3.610298129778554,3,3.397412815860276,3.0,0.3,4,2.9612377894039597,3.5,3.6012035187725626
2024-07-12T21:37:57.958164,4,3.0,2.610134049472316,3.069917325665952,3,2.775619063819908,2.4,2.6,3,2.3110621380600733,3.5,3.647707935385011
2024-04-29T23:19:54.912309,2,3.0,2.4088252113210173,3.020523648218934,2,3.240412567944885,2.4,1.0,4,3.5794271774506248,3.5,3.3409651846176533
2025-03-08T16:39:15.560331,3,3.5,2.326937714012269,2.6318532160070265,4,4,2.8,2.6,4,3.3548211226250677,3.5,3.920674802478992
2024-04-21T19:23:17.778485,3,3.0,3.6890282790261417,3.3284224877665993,3,4,3.8,2.1,2,4,3.5,3.5502424201242
2024-06-16T17:04:55.038029,4,3.5,4,2.5740044097385337,3,2.1433268710520177,2.3,1.8,2,3.82753046543849,4.0,3.8002583780603993
2024-07-29T16:25:58.546164,4,4.0,3.867612623526988,3.5291886327275224,4,2.3469778448363883,2.5,0.6,4,2.076808828508301,3.5,3.6089024742880844
2025-03-06T00:36:43.696373,3,3.5,1.8498027518990703,3.8397464299553574,4,2.8181827724897803,3.5,0.2,2,2.5391576250611845,3.5,3.041214050652255
2024-10-07T22:29:34.605491,2,3.5,3.0745906144173216,3.3214037092197213,4,2.6882435096448027,3.4,1.5,4,3.392640502113941,3.5,3.306686289364741
2024-11-14T14:14:28.709866,2,3.0,1.3993473479369238,3.1419620379416866,4,2.6745193931486972,3.8,3.2,3,4,3.5,3.4173765252488124
2024-07-12T03:41:02.171557,2,3.0,2.3581040789204497,3.6325805010950782,4,2.0883793559475805,3.4,3.3,4,3.071394987833831,3.5,3.059365935812062
2024-08-30T23:14:22.919204,4,3.5,4,2.9825255101231325,2,4,3.2,0.9,4,2.4141556174726904,3.5,3.445569368993251
2024-04-26T16:26:40.944827,3,4.0,4,2.8761656554986734,2,3.434060262818912,3.9,1.7,3,3.275922096869715,4.0,3.491990638722205
2025-02-25T10:43:54.949879,3,3.0,4,3.819921008208088,2,2.520784254012452,3.0,2.3,4,1.2077215365375933,3.5,3.9958008104424807
2024-09-07T10:20:59.599904,3,3.5,3.0804569348096793,3.982468829025515,2,3.482614058482903,3.4,1.4,3,2.7074687399264796,3.5,3.426001193699955
2024-08-06T08:36:14.122672,3,3.5,2.5585949074143244,2.808337855475111,4,2.6809090329011718,2.6,2.0,3,3.5338147406923284,4.0,3.0731815563692093
2024-05-15T03:44:57.062594,3,3.5,4,2.900604211469322,4,2.632378027648329,2.5,2.8,3,1.8635933307750852,3.5,3.796968877519386
2025-01-13T09:47:32.040805,3,4.0,1.6061646479627558,3.074966404705928,2,4,3.4,2.9,3,1.9528526410552112,3.5,3.4935205545434087
2024-11-12T22:35:25.059043,4,3.5,3.5248275962772775,3.888685231009383,2,2.1042578555443616,3.0,1.3,3,1.9347281030994905,4.0,3.938733644988779
2025-01-05T20:53:06.588999,3,3.5,2.4989999690122406,3.7324159931524057,3,2.6063475679408663,3.2,3.4,2,3.9727541646638085,3.5,3.7107922656509498
2024-04-07T21:42:19.046585,4,3.5,4,3.7588118371316837,3,2.09038943325283,3.4,3.1,2,3.4651454527795673,3.5,3.0030748484583847
2024-10-31T18:04:15.364962,3,3.5,3.485608320581286,3.3245332168138066,4,2.4249919482153106,3.5,1.6,3,1.596912667110289,3.5,3.192363252904087
2024-11-06T19:45:44.398971,4,3.0,4,3.9990145787480045,4,2.3515276701754324,3.7,3.0,4,2.2533340400734607,3.5,3.526366808699937
2024-09-09T15:04:26.081337,4,3.5,2.3473842259581748,3.2164628342153048,4,3.1522573491703336,2.8,3.4,4,2.484431924169435,4.0,3.4753242333311496
2024-11-11T05:58:01.276464,3,4.0,2.8515124583703657,3.623238318222418,4,2.175838841875211,3.0,1.7,3,2.6399090791998576,4.0,3.1610354483546343
2025-03-15T21:04:54.312758,3,4.0,4,2.518084139185845,2,2.3963168626530815,3.7,1.6,2,2.406097464153554,4.0,3.0397357017834437
2024-06-04T17:40:23.872214,4,4.0,4,3.6247214383876556,2,2.9554115950194326,3.1,3.0,2,3.4350167718029523,3.5,3.9437970614312285
2024-07-09T19:20:31.377994,3,3.5,3.5851242153319176,3.012552848514267,3,2.5981612967367025,3.2,2.4,3,4,3.5,3.441419702547065
2024-08-20T11:39:45.200736,4,4.0,3.72865058650826,3.3251878827634185,3,2.9134222862693715,3.0,3.1,4,1.8697191999844274,3.5,3.7185075158080245
2024-06-07T15:13:18.367592,2,4.0,3.1940033858307184,2.849610894173391,4,4,3.1,1.8,2,2.152469799169382,4.0,3.4735278194628254
2025-02-09T05:10:49.397401,4,3.5,4,2.528728577414766,3,4,3.5,1.3,4,2.9324857243335725,3.5,3.3618398917435677
2024-12-12T18:17:38.259725,3,3.5,3.8235542751350597,3.055669687122588,4,2.7312907135189985,3.5,2.1,2,4,3.5,3.4066064471735036
2024-04-10T05:55:56.910255,2,3.5,2.418016640962164,2.9584195000087505,2,2.0584061443580235,3.6,2.6,2,2.846351969213461,4.0,3.7709350483283606
2024-11-18T10:43:23.683660,3,4.0,2.5114173400818918,3.108154202136619,4,2.2207255549362173,3.4,2.3,4,1.1399298458106977,4.0,3.7882910106937064
2024-07-05T21:32:08.123464,4,3.5,2.944064431501289,2.829035609942428,3,2.165471690371639,3.5,0.5,2,2.2856367947912126,3.5,3.873972146754178
2024-08-17T13:01:09.038616,4,3.5,2.541602772589825,2.625850485697865,4,2.421322277852747,2.6,2.9,3,4,3.5,3.4427797682625236
2025-01-05T14:39:09.544913,3,4.0,3.0488111899640127,2.96311168658848,2,4,3.4,1.8,2,0.8200996943671499,3.5,3.9664453547452956
2024-10-11T16:18:37.594587,3,3.0,4,3.3297295303950705,4,3.8043609456974963,3.9,1.0,3,2.474076720406753,3.5,3.3962698782274168
2025-02-12T02:44:09.419662,3,3.0,3.6044258429623355,3.5835282745419454,2,2.5994714227552684,3.5,1.2,4,3.7930564198841714,3.5,3.626724935970991
2024-12-01T14:11:46.613601,5,3.5,2.368015154797927,2.673872907574904,2,4,2.5,1.1,3,2.344256166257721,3.5,3.7321386241442154
2024-07-21T17:55:49.478633,3,3.5,3.8494637530280835,2.7438991384522833,2,2.090473640784687,3.3,1.1,4,1.111567332992525,3.5,3.395684497631315
2024-04-11T08:20:58.763329,4,3.0,3.6498114138931066,2.5893118538439373,3,2.9305730992114682,3.1,1.6,4,3.218690326588293,3.5,3.1370775199795116
2024-12-19T12:17:36.043063,3,3.5,4,3.692589420386391,4,2.0225070163470127,2.5,2.1,2,2.989177173955255,3.5,3.6080580527644157
2024-12-11T03:58:12.884626,4,4.0,4,2.7659633714725733,3,2.131323620066699,3.4,1.3,3,3.604440451235172,4.0,3.9108390729095284
2024-10-19T03:13:53.601609,3,3.5,3.902069357881549,3.3076984066097035,2,2.3893152402511095,3.3,2.7,4,1.7149186991321943,3.5,3.2803246267106454
2024-08-23T14:50:14.281209,3,3.0,4,3.0029372390238427,2,2.167264212796828,2.7,2.3,3,2.2845443406246013,3.5,3.0530977823934986
2024-05-10T19:19:13.738802,3,3.5,3.560581162893488,2.543529181191402,2,3.039781239810565,3.4,1.7,4,3.3613827593710477,3.5,3.324530135488932
2024-08-03T08:33:20.056947,3,3.5,2.945762029419585,3.4248581534449527,4,2.3599975203276538,2.9,1.8,3,2.56910309540506,3.5,3.4250655829047907
2025-01-03T09:25:16.183003,4,4.0,2.6679824155809513,2.8920373974953817,4,2.9229474194006397,3.2,2.6,2,2.8113176413192167,4.0,3.0383600746078447
2024-11-19T01:41:29.154548,4,3.0,4,2.854774975219786,4,3.131536213455847,2.8,2.4,4,3.5085305007156498,4.0,3.184462701209166
2024-10-19T03:54:22.888354,3,4.0,3.201608093087539,3.253479308866376,3,2.514116488776412,3.1,0.6,4,2.57408708909349,4.0,3.0521110449602293
2024-05-17T04:29:48.371392,2,3.5,4,3.431703968115915,4,3.391428234566921,3.8,2.3,2,1.564340210961417,3.5,3.765907655816242
2024-08-06T09:06:11.993351,4,3.0,4,3.5797591770219825,2,3.569915064698473,3.3,3.9,3,3.592702836970307,3.5,3.90587748193055
2025-02-02T19:01:16.599692,3,3.0,4,3.812350997282319,2,2.940678673545266,3.8,1.9,2,2.592070732055891,3.5,3.383829851408518
2024-10-16T06:07:31.609268,2,4.0,4,3.4472651302940593,3,2.3148142123163122,3.9,0.2,3,3.9196107674774323,3.5,3.985905176877275
2025-02-09T01:07:55.796906,3,3.0,2.5871563649313725,3.3488994738719673,2,2.2145284462064363,3.9,0.7,3,2.623952183566988,4.0,3.287932752510365
2024-10-30T03:11:15.888708,3,3.5,3.9424891316813806,2.9953276261734016,4,2.0499559995085472,3.5,1.0,3,2.2044036082267566,3.5,3.8139107872433367
2025-01-30T19:32:56.423702,5,3.5,2.8783395309926725,2.713640556745909,2,2.9789867785268025,2.9,1.0,3,2.5826050513622936,4.0,3.122941334460539
2024-08-03T18:56:25.054188,4,3.0,4,3.7736295724532636,4,2.165634447820464,3.0,1.1,4,2.6789285962118257,4.0,3.784539633209272
2024-05-22T11:38:13.752763,2,3.5,2.559255481437348,3.6331009422868004,4,2.4110671232747274,2.6,1.6,3,3.1507026160632132,3.5,3.6116245379856258
2024-12-03T22:53:29.937104,3,4.0,2.926115663431359,2.7055585200470142,3,4,3.3,0.7,2,3.3225749280918895,4.0,3.2145528502515117
2024-09-19T19:56:13.770040,3,3.0,1.577884928074151,3.222241145867475,3,2.862714751704483,3.2,1.0,3,3.274923550666492,4.0,3.5794310851500493
2024-08-30T12:44:10.739081,1,4.0,4,3.8557683804644416,3,2.1235106309668152,2.4,2.5,4,2.787301555781233,3.5,3.897553876379492
2024-05-02T14:25:01.702268,4,4.0,4,2.835116969825209,2,2.4744199135395286,3.5,2.7,4,3.236308134836386,4.0,3.018556080267532
2025-01-04T19:59:22.696996,4,3.0,2.4255991191204163,3.792149576514789,4,2.1545932974385913,3.7,2.8,3,1.1674213368816462,3.5,3.3314374645480562
2024-10-04T14:20:32.792388,2,3.0,4,3.0005509276374203,3,2.1054417439380897,3.3,3.9,3,2.337902215183147,3.5,3.626676574359926
2024-05-19T22:13:39.532105,3,3.5,3.2034651407372325,3.7894120897985077,3,2.3898488540580805,3.1,0.4,2,3.8748046504504985,3.5,3.4580649059653
2025-01-20T09:05:53.159040,3,4.0,4,3.8632471598406717,2,2.5702552807426136,3.4,2.5,3,3.0889425322195954,4.0,3.70544937289602
2025-02-26T00:40:10.915097,4,3.0,1.9054302587732752,3.7266739907947395,2,2.6186965776322912,3.7,1.1,2,1.999743225777904,3.5,3.959695139578651
2024-11-10T08:47:44.515816,3,3.5,4,2.5914578414057194,2,2.5630493768851377,3.6,2.6,4,1.8207727740539228,3.5,3.796926011815289
2024-12-13T13:13:09.643853,2,4.0,3.2326354814879528,3.5296101780348605,4,2.3904493237203166,3.7,1.5,4,2.499285828169892,3.5,3.9061809162955656
2024-08-24T20:44:13.284298,2,3.5,4,2.741610826615714,4,3.0963552259017684,3.1,2.2,2,2.079105488679007,3.5,3.254085483771803
2025-02-19T04:20:27.290659,3,4.0,2.718197892636784,2.870266918477916,3,2.743749990177962,3.5,0.8,4,1.736828728464654,3.5,3.1976985411121657
2025-04-01T03:26:54.967224,4,4.0,2.17761452466664,3.3469547655873546,2,2.174321594414683,3.8,3.7,4,0.490574025061596,3.5,3.119310161817742
2024-09-05T20:21:36.183944,2,4.0,3.8107763215608883,3.890727910883955,4,2.273887280642642,2.9,0.5,3,3.9867581872653433,3.5,3.0258332367113328
2024-09-19T08:51:04.988068,5,4.0,4,2.9475342155920528,4,3.715351299648842,3.3,2.5,4,1.8363563244573626,3.5,3.1687031080380734
2024-05-31T03:13:16.063397,2,4.0,2.9497720428918286,3.4934345554873825,3,2.381503081573266,3.1,0.6,4,3.9374962332487278,4.0,3.0344561047174134
2024-08-31T15:24:38.151694,4,3.5,4,3.3732113665475083,4,2.63920354933902,3.5,1.2,4,3.7923524866560276,3.5,3.8214131009539027
2024-12-17T14:25:33.249222,5,4.0,2.985176544110325,2.852872505562665,4,2.499212097596807,2.9,1.9,3,4,4.0,3.7052376872378914
2024-05-04T15:22:49.504730,3,3.5,4,3.8138380178562583,2,3.9719916045540464,3.0,2.2,3,1.5563126377280416,3.5,3.6772616116852817
2024-05-27T12:06:41.407952,4,3.0,2.3133067278941954,2.8676908786667092,2,2.0019860962408242,2.9,0.2,2,2.303204252810272,3.5,3.7305843678000277
2025-02-18T10:23:11.191414,4,3.0,3.657191860530359,2.542814824053444,3,2.0979127029928453,3.4,2.2,2,2.217462132047739,3.5,3.8123693721752665
2025-01-03T20:01:40.298791,5,3.0,1.9015761648960536,3.6597531717794274,4,2.3167047433303742,3.3,2.0,4,2.119362440031289,4.0,3.1982212052900323
2024-07-12T22:38:01.305708,4,3.5,2.3114286977647946,3.8321213981519917,2,4,2.6,0.7,4,3.8144242661175225,3.5,3.5314122914234893
2024-12-24T20:40:27.437619,2,3.0,2.9759199685333333,2.6924966791039444,2,3.0979704571135893,3.5,0.7,3,1.8946414863930914,3.5,3.5476698884224978
2025-04-03T04:23:55.268905,3,3.5,1.3138615073479674,2.899337200953267,4,3.0385718782448965,3.6,1.2,2,4,4.0,3.8834190275791634
2024-07-14T18:04:54.190286,3,3.0,3.1848921973800883,2.855678819603637,3,2.110809326449313,2.5,3.2,3,1.246755408568101,3.5,3.455255822928368
2024-09-07T14:10:28.791053,3,4.0,4,2.7769872306112284,4,2.047421360527763,2.8,1.9,4,1.7523288960560681,4.0,3.5106460796106522
2024-11-26T18:19:33.741844,3,3.0,4,2.7215812858222597,2,3.045143226640076,2.7,2.7,3,2.157605751639422,3.5,3.4993849523136116
2024-10-11T01:21:10.158897,4,4.0,2.886541081235653,3.9024350699239365,3,2.3885666999048842,2.5,2.1,2,1.8667736800892338,3.5,3.524011532272651
2024-10-28T11:07:26.536313,3,3.5,2.178359312074897,2.878006637959251,4,3.54768791253144,3.4,2.3,4,1.6650239395115642,3.5,3.981168792248708
2024-11-14T06:09:24.139253,3,3.5,4,3.67859802546133,3,2.196753329863354,3.0,2.2,3,2.7764946731770443,3.5,3.7255123030342263
2024-11-08T22:30:00.219096,4,3.0,3.0133262871663526,2.7432989623871746,3,4,3.0,2.7,4,4,3.5,3.5899354333076516
2024-05-26T06:59:38.155823,3,4.0,4,3.5434338853639096,4,4,3.2,2.7,2,2.105252983254129,3.5,3.1768389803743666
2025-03-13T12:49:18.448028,4,3.5,3.6835599040768887,3.2629807681233762,3,4,3.3,2.9,2,3.0814771048062077,3.5,3.179377189866056
2025-03-11T18:14:34.478938,3,3.0,4,3.9795719324042675,2,2.8529237515310744,3.7,2.7,3,3.298233025180179,4.0,3.0841413647222686
2024-06-22T16:36:29.049758,4,4.0,3.1887671707243306,3.4632100235633287,2,4,3.3,2.1,2,2.620332022348199,3.5,3.5449843614876206
2024-05-14T17:09:14.064632,3,4.0,3.176569691901841,2.899708493034546,3,2.3017599757771734,3.5,0.7,2,2.1362302295263653,3.5,3.394469471442262
2024-12-11T13:44:50.568416,4,3.0,4,3.3323255763577695,3,2.5242381700450127,3.4,2.1,3,3.2267953123900157,3.5,3.1986609985034016
2024-04-15T04:46:16.802132,4,3.0,4,2.5142783611767463,2,2.690348124408103,2.6,2.0,3,4,4.0,3.57203035032144
2024-10-19T09:24:09.631299,4,4.0,2.9588658667267156,3.0342125885498814,3,2.209827402233772,3.4,1.8,3,2.879719962539077,3.5,3.6066091546119723
2024-09-29T00:38:36.919068,2,3.0,4,3.7560250328697955,2,3.4782598959863695,2.9,3.4,3,3.8322430845428785,3.5,3.091554132254323
2024-12-10T13:53:33.187082,2,3.0,2.380297789289056,2.978011879777631,2,2.2518152707786765,3.7,0.5,3,4,4.0,3.74799569973065
2024-09-20T07:00:29.702151,2,3.0,3.87610588306775,3.262389035384592,4,2.3324979441318257,3.5,0.5,3,1.9081584807161425,3.5,3.4122040911297997
2025-02-14T08:35:16.845653,3,4.0,3.8035379230887805,3.64645030278134,2,2.175329004564296,3.7,0.5,3,3.4212203471124436,3.5,3.523353482778877
2024-06-27T00:40:02.936180,5,3.5,4,2.7387874930783043,4,2.5527727278856744,2.2,0.6,3,3.4514601959538367,3.5,3.7590066486952862
2025-02-03T16:23:57.817357,2,3.5,1.8670630652085818,3.041079958322899,4,3.285135992009746,3.4,1.3,2,2.2843246676494604,3.5,3.818779010733934
2024-05-14T13:58:20.134789,3,3.5,2.0876856686457255,2.985544460932485,2,4,3.4,1.2,4,2.391034146523245,3.5,3.567820754986149
2024-08-17T16:31:15.302378,3,4.0,4,3.0803074408950604,4,3.061937501247339,3.8,0.3,2,4,3.5,3.548073485664683
2024-05-20T02:45:57.716090,4,4.0,4,3.385741558282242,4,2.444843944872041,2.3,2.5,4,2.154493875128578,3.5,3.4230682302312925
2024-10-21T11:58:30.799242,3,4.0,2.546090907061011,3.096551372501894,3,3.5061291025086785,3.7,2.2,3,3.9898848859542535,3.5,3.954080198617969
2024-11-17T12:07:59.530456,2,4.0,3.989205047988386,3.419319203380284,2,3.511944982120169,3.4,1.9,3,3.0489412195504473,4.0,3.35312090899818
2024-07-19T08:40:16.959256,5,3.5,4,2.6679549493506887,3,4,3.4,1.0,4,2.32735105969423,3.5,3.794783845413739
2024-11-19T05:27:34.256019,3,4.0,3.807553890932689,3.7220977215805364,3,3.0662462331904683,2.8,2.9,2,2.364247069978959,3.5,3.8371630414088713
2025-03-08T03:34:11.043504,3,3.5,2.846560583919416,2.621056853828765,3,2.0540349460619436,2.8,1.2,4,3.607033897293654,3.5,3.642483490961835
2024-09-10T18:40:30.035637,4,3.0,4,2.733569394488444,2,2.2302232429451845,3.6,2.6,4,0.9157332314168509,3.5,3.592890323451425
2025-03-18T15:04:36.057533,3,4.0,3.228538721136354,3.069929704731857,4,4,2.8,2.7,2,3.4154868301532746,4.0,3.9238051580424993
2024-04-12T16:25:40.351546,3,3.0,2.100190843467189,3.8472553053695067,4,2.76870056567297,2.8,2.0,3,3.6363206955697818,3.5,3.1700423706123773
2024-06-12T05:21:15.706059,4,3.5,3.006407744954559,3.3843221243535293,2,2.356809446022723,3.5,3.6,3,4,4.0,3.379277598475479
2025-02-13T10:53:12.300330,2,3.5,2.837633960103132,2.8815912131148123,3,2.347412844615544,3.4,1.7,2,3.5490070891269916,4.0,3.9501508360017032
2024-12-08T21:06:22.628547,3,3.5,4,3.3191196980665807,4,4,2.5,1.9,2,2.3595612981912177,3.5,3.2825429128530796
2024-10-18T17:01:09.847781,4,4.0,4,3.0105968774021097,3,2.6163206793209497,3.3,3.2,2,3.4708728682770653,3.5,3.626166347714209
2024-06-19T18:03:26.316921,2,4.0,4,3.039605492409531,2,3.084474734888061,3.6,3.4,4,4,4.0,3.136406551706518
2024-12-23T20:46:01.564229,4,4.0,3.0969626722322263,2.5075357627914414,3,2.9044626550970873,2.9,1.3,4,2.0377622627981844,3.5,3.768477072462681
2024-06-12T03:45:02.556521,2,4.0,2.841960555485138,3.1929699735137698,3,2.2096823442248517,3.5,0.5,3,2.802966500985288,3.5,3.604689581859309
2024-05-05T23:06:18.464380,3,3.0,4,3.820958570764029,2,4,3.4,2.1,2,2.948232668957571,4.0,3.9639477741104034
2025-03-23T13:14:08.178095,3,3.0,4,2.9043942885516008,3,2.4843906610767297,2.3,2.7,3,2.455738805135589,4.0,3.326529027554205
2024-05-10T02:47:18.798487,4,4.0,0.9176727611289999,3.5149734203925855,3,3.023652372015042,3.3,1.6,4,3.0239872596504256,3.5,3.839374177187021
2024-09-12T12:48:41.852221,3,4.0,4,3.371649503396889,4,2.8666518980376052,2.7,2.3,4,2.9567155366871414,3.5,3.3184314830233204
2024-05-01T22:44:48.081159,2,4.0,3.1112832374287565,3.5847885478354833,4,2.4394826875009192,3.4,2.7,2,3.2468040175060335,3.5,3.9963713125695053
2024-11-25T19:45:01.641275,4,4.0,2.030533904617431,3.2281210006605443,4,2.4885298463943384,2.7,2.4,4,4,3.5,3.8161094745440614
2025-01-23T13:56:04.296278,4,4.0,2.2146272403897944,3.12985421681341,2,2.7514852621647448,3.8,1.4,4,3.0157597737241963,3.5,3.00410482107961
2024-11-02T01:16:52.844612,2,3.0,1.7527350503804955,2.8358889375702834,3,2.0105862689423066,3.5,3.1,3,4,4.0,3.636216961833094
2024-07-25T02:07:04.997536,4,4.0,2.7998176366155314,3.425861685653885,2,2.7917302954116345,3.1,1.1,2,4,3.5,3.5828258259784476
2024-04-14T00:07:51.720396,2,3.5,2.091242664093401,3.511398170530377,2,2.7426037011699695,2.7,1.2,4,1.7309266090786517,4.0,3.813805564795354
2025-02-24T03:42:08.862809,4,3.0,4,3.3030105379712174,4,3.558315853528667,3.2,2.6,3,3.8704307232460122,3.5,3.6323016523240423
2024-08-29T01:28:17.488591,2,3.5,3.099527315944388,3.8303147390868295,4,2.6965299312640774,3.3,0.8,3,1.6245450055216284,3.5,3.408571716294118
2024-05-31T09:39:06.510232,2,4.0,3.8375341513476826,3.385085916128936,4,2.4333792884926755,3.2,2.8,3,2.925729471592937,3.5,3.4772403000203824
2024-06-27T22:05:28.652860,3,3.5,2.125276771014146,3.711776807830243,4,2.3973145373625395,3.1,2.7,4,1.8509686504064977,3.5,3.326814472787958
2025-01-01T09:47:19.442148,3,3.0,3.941468424927813,3.378890604828129,4,4,3.7,0.9,3,3.7174432730123095,3.5,3.099675434336081
2024-06-30T09:55:38.048411,4,3.5,3.2268777973135268,3.0132839277460426,3,2.0488826302615446,3.6,0.1,4,3.9454071689540706,3.5,3.277398667895752
2024-11-17T14:40:30.050005,2,3.5,4,3.0276873764838492,3,2.271458356756029,3.4,1.3,3,4,3.5,3.3492690627519446
2024-11-26T11:38:32.842035,3,3.0,3.2111800458885194,3.0858077342165364,4,2.896538911482584,3.9,2.9,4,2.802698331788417,3.5,3.664951057663619
2024-08-13T09:04:55.390326,2,3.5,3.5549849092927017,3.556447406130385,3,4,3.4,0.1,2,3.1784057655162297,3.5,3.0985849295706744
2025-01-22T14:10:04.437578,3,3.0,2.7950434730937213,2.50230886115025,3,2.1576377305427052,3.1,1.2,4,3.37753812708731,3.5,3.157771281614745
2024-08-08T22:12:25.500527,3,3.5,3.58118014167445,2.600535202127102,4,2.3696553747712663,2.9,2.4,2,2.5976610584131445,3.5,3.1635706590068384
2024-11-20T18:01:52.731910,3,4.0,3.468300583231948,2.7311586625010604,3,3.797957434710429,3.0,2.9,3,1.7723791294188278,3.5,3.286334856149593
2024-11-15T22:04:21.942026,3,3.5,3.278058555471709,3.1641885082281354,3,3.680247153940762,3.7,1.7,3,2.739609964888265,3.5,3.342224794944498
2024-04-27T01:06:28.150836,4,4.0,4,3.7491962777111283,4,4,3.1,0.6,3,2.383576417037602,3.5,3.302529104105767
2024-10-04T05:09:05.524600,3,3.0,2.3435094505115948,3.63999138692427,2,4,3.5,1.9,4,2.1647776784060015,3.5,3.2220204253987546
2024-11-10T18:20:54.865550,4,4.0,2.987640909652646,3.7983537934279736,4,3.3425626517187865,3.2,1.8,4,2.979243305912615,3.5,3.912622869319004
2024-09-03T21:41:22.295872,3,3.5,4,3.9290024422590157,4,2.9917886749331797,2.4,2.0,4,3.83751833409472,3.5,3.5559600613151217
2025-02-23T00:41:22.614881,4,4.0,2.751046611377165,3.7548301563347612,2,4,2.6,0.9,3,4,4.0,3.204914030420966
2024-05-12T14:09:04.864475,4,3.0,2.335431829771654,3.5306179912470483,2,2.0782117461872662,3.1,1.8,4,3.134151918404726,3.5,3.1529559966877705
2025-03-14T18:38:35.490616,3,3.0,3.393988605586158,3.6724087858075434,2,2.1413968595348165,3.4,1.6,2,0,4.0,3.110699885735089
2025-03-26T18:02:20.233133,3,3.5,1.7042352378910588,3.9938351853755134,2,2.3993854733719555,3.6,1.1,3,2.8169762682186903,3.5,3.882708967908871
2024-08-24T06:26:51.511407,3,3.0,3.401089917846146,3.000521159132745,2,3.0456397302211675,3.4,2.5,4,3.8634797386139947,3.5,3.0790967807878995
2024-12-09T11:43:35.109811,4,4.0,2.7267121561339973,2.800152005179424,3,2.314279191456245,3.6,2.2,3,2.8740906191069513,3.5,3.7478449917584182
2024-06-08T12:51:33.433048,3,3.5,4,3.6951218077856147,2,2.7925155723299495,2.6,2.5,3,2.4057054377250293,3.5,3.2960388276567034
2024-08-07T19:11:00.124362,2,3.5,3.999982049117181,3.106420095249743,4,2.102099056725939,2.4,1.3,4,2.5889633921084227,3.5,3.895334309073773
2024-06-03T11:34:09.790506,5,3.5,1.8494271125099155,3.397883736332988,3,2.864302380538829,2.4,0.8,3,4,3.5,3.8102986143656694
2024-05-13T21:11:05.686536,3,3.5,2.8839766227281367,3.644648333494577,4,2.887807699045983,3.5,1.7,4,2.33767485304923,3.5,3.643619981270708
2024-12-19T18:37:29.715392,3,3.0,1.8645556541184667,3.2850734248486493,3,2.5658609413053526,3.3,1.6,4,1.1206059756732292,3.5,3.2124658072448926
2024-04-18T15:37:19.506478,2,4.0,3.5275083004854277,3.2976722023629637,3,3.532450906068469,2.7,3.6,2,3.365399767504564,3.5,3.44457513660179
2024-04-15T09:10:38.903823,3,3.5,4,2.690133482517524,4,2.8327137653436867,2.6,1.9,2,3.952897420619473,4.0,3.530312171583011
2024-09-04T13:29:55.966391,4,3.0,2.252909349787435,3.0895265048921567,4,3.163175913055807,2.7,0.9,4,1.8681556749871462,3.5,3.3462662435101858
2024-08-23T05:51:35.079941,3,3.5,3.3928586429094536,3.965661343386696,4,2.755749747612547,2.3,1.9,2,3.661812808835312,3.5,3.3776318838086876
2024-10-28T02:48:46.303407,3,3.0,2.90369817520679,3.558038975501974,2,2.7955919928284585,2.4,1.5,3,3.757272885350761,3.5,3.5918586441499203
2025-01-14T03:19:55.709371,3,3.5,3.432310538625207,3.2782245336959246,2,2.900203390444694,3.5,2.3,2,2.8535391321501344,3.5,3.702596882403409
2024-06-06T07:00:49.147493,3,4.0,3.3479879652926363,3.508120394727673,2,2.525805882896378,2.7,2.7,2,2.702198358662792,3.5,3.269959723160386
2025-03-16T12:59:11.753539,4,3.5,4,2.576926559175966,3,2.7150281041248654,3.7,2.8,2,3.6171777541132926,3.5,3.040181102295922
2025-02-03T15:23:55.205704,4,3.5,2.240649316569048,3.213569531985212,3,2.7578533587849194,3.2,1.4,2,3.133570671923166,3.5,3.777140156191142
2024-11-17T22:46:03.409064,4,3.0,4,3.9047258460721785,4,2.0022855988259383,3.4,2.5,3,3.1284743695902435,3.5,3.068746884859045
2024-05-19T15:12:28.533757,2,3.5,3.728031114373306,3.8775274419430144,2,3.5521321237662713,3.5,1.4,3,2.7925145893217787,3.5,3.651783470486953
2024-11-02T17:26:40.498652,3,3.5,4,3.138718992971213,2,2.075167781183362,2.7,1.4,3,2.6860771445240843,3.5,3.20114713005771
2025-02-03T12:09:57.624100,4,4.0,1.4476984664026142,2.5452526826016015,4,2.794966950810791,3.5,1.4,2,4,3.5,3.010357969889375
2025-02-15T13:37:47.892412,2,4.0,3.6443244770729404,3.418230629872963,4,3.7328214361853043,3.7,1.7,3,3.0470644546435195,4.0,3.4054706519865703
2024-08-12T01:46:08.733331,4,4.0,3.8139473498232195,3.4499682590820195,3,2.1742076242619786,3.8,3.6,4,3.358358529536093,3.5,3.6852228606315176
2025-02-19T22:57:47.791250,4,3.0,4,3.7263379649831734,4,3.1839197346823753,2.6,1.2,2,2.353277745314611,3.5,3.8894997200062664
2024-06-26T19:21:08.505997,4,3.5,1.470370425690008,2.820855649256148,3,2.287171459834085,3.2,4.0,2,3.185930844197776,4.0,3.0238966404471888
2025-02-27T08:48:24.450003,2,3.0,1.965036029831329,2.7796112142017213,2,2.0073009315577743,2.3,3.4,2,3.320058294534603,3.5,3.559644283685181
2024-04-06T14:15:59.557522,3,4.0,2.0335126906188057,3.699033697406527,3,3.868722029788671,2.8,0.7,3,3.8625847442659156,3.5,3.6007332315879226
2024-12-24T13:55:10.422648,2,4.0,4,2.7463203383286063,2,2.6431177737333496,2.3,0.7,2,4,3.5,3.185613141833129
2024-12-28T17:55:23.822635,4,3.5,3.310406595987538,2.931431416565029,4,2.314768208267056,3.6,2.4,3,0.9636755294085453,4.0,3.5867790597425744
2024-06-06T12:00:20.103117,2,3.5,2.9758308343901096,2.947980777049049,2,2.6181582241472134,3.2,1.6,2,3.0552169106980807,4.0,3.7445302538024117
2025-03-01T18:18:53.902344,2,3.0,2.9607929763771796,2.5317071091638854,4,2.3236496923095165,2.0,1.2,3,3.002123062762472,3.5,3.1255490944056588
2024-11-11T12:31:03.994572,2,3.0,2.179434454956959,3.4215430268298253,2,2.6584095660991034,3.2,1.1,2,2.1313722370474335,3.5,3.8207050357219665
2024-11-21T23:11:49.886107,3,3.5,2.565038664404753,3.8234415841052636,4,2.9184100612203836,2.4,1.9,4,4,3.5,3.077920673563361
2024-08-28T17:46:05.496862,2,3.0,2.621675972785131,3.004972295186727,3,2.538788673359466,3.0,3.4,3,2.985613519268965,3.5,3.5442924045375586
2024-05-09T05:27:16.047619,4,3.5,2.291916150726644,2.75535112375984,2,3.731550695334242,2.6,2.0,3,1.863689341798095,3.5,3.133902051913583
2024-07-16T16:35:59.254342,3,3.0,3.957029509320455,3.508456044461397,4,4,3.2,1.3,3,3.920414195395899,3.5,3.546433525813687
2024-09-27T05:44:01.184910,2,3.0,4,3.3000665311600184,3,2.411498652194413,2.8,0.6,3,1.2821016325362267,3.5,3.052233015260761
2024-06-20T22:01:01.930336,3,3.5,3.952796553641943,3.8505278804523115,3,2.2893462732891785,3.3,3.2,4,1.1227254744662358,3.5,3.516763904305109
2024-12-14T18:23:02.788861,3,3.0,2.081576327282408,3.994229699229966,3,3.0045316499320993,3.2,2.6,4,1.1883369324605537,3.5,3.2689940698044015
2024-10-16T05:40:04.865499,2,3.5,3.9378712257207313,3.889924403500359,4,2.4151445498171706,3.8,1.5,4,3.714047677312895,3.5,3.405736374215544
2025-02-08T02:54:23.542416,2,3.0,3.2712249060069065,3.6578280357517516,4,2.8721339993490886,3.4,2.8,2,3.4752765055047834,3.5,3.2038459466146474
2024-06-20T01:24:03.969269,2,3.0,2.4382115490860334,3.28401111785476,3,2.969207889163185,3.4,2.0,2,1.715936710813501,4.0,3.244463293892272
2024-12-08T12:15:17.386294,3,3.5,2.9566716073234534,3.5097066247718347,4,2.114794272496383,2.7,1.1,2,2.1296538039486945,3.5,3.780363591243786
2024-09-12T23:10:21.796349,3,3.5,4,3.901186858600045,3,4,2.9,2.5,3,3.15594515332608,3.5,3.8558091820677953
2025-01-17T08:21:34.349051,3,3.5,2.964682040172251,3.0309306351326857,3,3.9377505490907825,3.3,2.9,2,2.303342306961974,3.5,3.8525081240525165
2024-12-30T12:02:51.773612,4,3.5,4,3.8929011030583056,2,3.010264661625083,2.4,2.2,3,3.5097881536789255,4.0,3.0357454691842087
2024-10-11T17:20:29.772606,3,3.5,3.151777366306935,3.6482944378810034,2,2.276093438078554,2.2,0.7,4,2.712672238333007,3.5,3.027399825995725
2024-04-09T01:51:53.679883,4,4.0,4,3.521239015398243,3,2.058109625529375,3.5,2.1,2,2.5946343495545774,3.5,3.134818359491729
2024-10-31T11:42:59.264226,2,4.0,3.9885457578648125,2.5551457954193166,4,4,3.4,2.4,3,1.3534977196710136,4.0,3.9301382686923967
2024-07-28T07:26:02.055589,3,3.0,4,3.2419085927861246,3,3.1180014674268914,2.6,2.5,2,2.450571277035485,3.5,3.4358373559129154
2024-10-19T19:00:36.129192,3,4.0,3.7368212937405065,3.8490501528848586,4,2.319688886607469,3.1,2.0,4,3.7527853754106766,3.5,3.9012582873512986
2024-12-17T18:20:30.774380,3,3.0,4,2.944333517434,2,3.4054146770592064,3.0,1.7,2,3.980962343874388,3.5,3.856714782342713
2024-10-27T22:11:48.163751,4,4.0,2.7674183300821826,3.2929734897374963,4,2.647223801267249,2.4,0.6,3,3.509115727653236,4.0,3.847699187524564
2024-09-09T04:23:38.754884,3,4.0,2.024313785282927,2.736809796123647,2,2.0059014231557577,3.1,1.9,2,1.5209920050601164,3.5,3.8640242061081054
2024-09-15T08:53:24.226694,3,3.0,4,2.9384528412647826,3,2.9065478489933145,3.5,2.8,2,0.49948038207144263,3.5,3.6359578808604534
2024-07-15T02:19:14.227722,3,4.0,3.575803251824256,2.7406508164045484,4,2.941286084650861,2.9,2.5,2,2.597277046242959,3.5,3.972651506071763
2024-08-24T04:19:04.118297,4,3.5,2.7182752670636328,3.767621477693558,3,2.255860772345782,2.9,3.4,2,3.97834470154379,3.5,3.1327856656912276
2024-12-20T13:10:53.281651,3,4.0,3.0707236165727476,3.0140052685740253,3,2.425649279713147,2.7,2.7,4,3.224561986474007,3.5,3.6255903047113867
2024-05-20T15:06:51.716542,4,3.5,2.9225195972697264,3.181921587379529,4,2.854389952926425,2.2,2.9,4,2.841341091151758,3.5,3.484741949496617
2025-01-02T02:41:09.412256,3,3.5,3.240485219503126,3.831547155093828,3,2.446129655417616,3.2,0.7,3,4,3.5,3.5465973017080925
2024-06-01T11:16:59.427993,5,4.0,2.9663806449242944,2.757248404559206,4,2.24698585648673,3.3,1.9,4,3.4996980656541687,3.5,3.4079526090744325
2025-02-17T08:03:21.644018,3,3.0,2.83288290015538,3.171156125462414,2,3.0636419599560867,3.6,1.8,3,4,3.5,3.1277259851773493
2024-09-04T00:47:13.267056,3,3.0,3.3701887643670694,2.6192463282963128,3,2.2007918770971147,2.8,0.9,3,1.8577745392017913,3.5,3.514415819824995
2024-08-11T04:42:52.861348,4,3.0,4,2.7916473961338983,2,3.168295384113254,3.6,0.5,4,1.6500110265976082,4.0,3.3299022229139164
2024-09-15T23:12:33.583265,2,3.5,4,2.648102624699364,4,2.1928710672259006,2.1,2.4,4,3.226164097687484,3.5,3.4509900911995355
2025-03-01T05:24:16.685737,5,3.0,4,3.176386071627096,4,3.740669632624771,3.5,1.0,3,2.545459706244917,3.5,3.146702515934468
2024-11-22T15:22:49.800642,1,3.5,4,3.9110598691107965,4,2.251146611171894,2.5,2.8,3,2.712416102774166,4.0,3.7453642874199926
2024-10-31T07:54:42.922582,4,3.0,3.400167092774938,2.934622268494576,4,2.0294540920557846,2.8,1.3,3,3.446077973454547,3.5,3.866203028124586
2025-01-15T19:12:48.173473,3,3.5,4,3.3957184924343635,4,4,2.8,2.2,3,3.0559286730962194,3.5,3.857362177475652
2024-10-04T06:14:07.571626,4,3.5,3.503263626184799,3.2110760055293057,2,3.0266531615563586,3.6,2.9,3,4,3.5,3.47713677009404
2024-09-22T10:32:09.598406,3,3.0,3.408326124880312,3.1995163999947165,3,4,3.8,2.5,3,1.8679744618003375,3.5,3.3826830140769384
2024-09-23T22:25:16.459238,4,4.0,1.5675220995038341,2.9778019364096893,3,3.1487435292277035,2.1,1.1,3,2.264874973692369,4.0,3.4206967176195153
2024-06-07T03:34:45.502768,3,4.0,3.710729472125812,3.742561294823764,2,2.4112976050594255,3.3,0.8,4,4,3.5,3.430950627907896
2024-04-07T02:20:54.782815,2,3.0,3.7413753055175576,2.592363459621293,3,4,3.2,1.9,2,1.0788961926576772,4.0,3.741855610918931
2025-01-30T19:55:57.731722,4,3.5,3.706078772610267,2.774365110888621,3,2.2610994119771126,3.3,1.8,2,1.8066846609643954,3.5,3.502733039840309
2024-11-01T05:03:26.480443,3,3.0,3.2525057941431896,3.9279500576130686,2,2.132980811935611,3.3,2.7,3,3.27143773882414,3.5,3.032731471909311
2025-01-23T09:42:43.535608,2,3.0,3.032851859835534,3.9064526911760256,3,3.2392733209923694,3.3,1.8,4,2.6256219971388486,3.5,3.4961895212656793
2024-07-14T22:03:08.789176,4,3.0,2.498561285518878,3.242044686252261,3,2.147478412146368,2.9,3.0,4,1.834181189781003,3.5,3.2861829299363885
2025-01-22T14:30:57.008059,3,3.5,3.9285143744058724,3.7278162568749758,4,2.7321011300912312,2.8,0.5,4,1.2502004819701595,4.0,3.9356947412591357
2024-08-31T06:03:29.029635,3,4.0,3.9715403221653336,3.157747177475427,2,2.0101854449287178,3.4,1.0,4,3.5232969187298524,4.0,3.2452776836353934
2024-08-03T19:51:07.867957,3,4.0,4,2.8295273822141187,4,2.8473496427162956,3.6,2.8,4,3.604876319359925,3.5,3.3999417988870184
2024-11-29T21:09:47.483509,4,3.0,3.7638743964533807,3.0835793974610493,4,3.094381834357967,3.3,0.7,2,3.1623762653537253,3.5,3.8894104136457885
2025-01-31T09:18:42.689076,2,4.0,3.7778719562743865,3.323174212174286,2,4,3.5,1.5,4,2.892490325118327,3.5,3.037555536699114
2024-09-10T06:29:01.670805,3,3.0,3.984658582326799,2.776141636210668,2,2.3275501474949767,2.6,2.5,4,3.098985953276079,3.5,3.264056533757758
2025-02-07T23:23:02.495516,4,4.0,2.7873541696232884,2.927076225749357,4,2.2858478967610685,3.1,2.5,2,3.7493037323486966,3.5,3.4534469962748195
2024-09-11T00:34:04.186222,3,3.5,3.784030527463119,3.820859587349527,4,4,3.6,3.1,4,3.4084838532975112,3.5,3.636712307898834
2024-08-12T00:24:18.882565,3,3.0,3.374208344158817,2.5607644991073717,3,3.465283421334102,3.4,0.5,4,1.4735032350959367,4.0,3.141283242067948
2025-04-03T21:16:16.142365,5,4.0,3.118899512973424,3.392751198563032,2,2.965565536647018,3.4,1.5,2,3.7605454709903863,3.5,3.5063770565787884
2024-04-15T02:55:21.540095,3,3.5,4,3.9583871283294636,4,2.9292167314872266,3.7,1.7,4,1.4917943266794718,3.5,3.21654295863448
2024-12-03T21:54:36.867079,3,3.0,3.0333187189900443,3.370056100375712,3,2.8362383167564027,2.1,2.6,4,2.5106567112347395,4.0,3.4617796798649527
2024-05-29T10:48:37.866362,3,3.5,3.2803427339560782,2.598451674222657,2,2.5826568773446033,3.7,1.6,2,2.6730399363239017,3.5,3.5699052440036017
2025-03-09T12:03:40.968932,4,3.5,1.9187067200703576,3.5762796577240765,2,2.1005251795043414,3.3,1.5,3,3.0255119325013804,3.5,3.445418133133484
2024-06-28T21:03:56.082160,4,4.0,3.0505241966320047,3.060952316410696,3,4,3.4,2.1,2,3.079469969665107,4.0,3.8566284688294115
2024-08-27T10:30:38.082609,3,3.0,4,3.253596871676728,2,2.3905382354625506,3.0,2.0,4,1.3218645734316192,3.5,3.0213152745899285
2024-09-29T14:25:19.413771,2,3.0,4,2.919287145776723,2,2.3871487142370595,3.3,3.4,3,3.54394959497805,4.0,3.0205176945228684
2024-12-22T14:23:42.095362,2,3.0,4,3.989134486312865,2,4,3.1,1.8,3,1.0025656797554796,3.5,3.9323966234342027
2024-08-19T13:15:41.601039,4,3.5,4,2.911689215264571,3,4,2.5,2.9,3,2.945485021604753,3.5,3.4800399522536125
2024-07-09T01:29:37.102842,4,3.0,3.1091681334400514,2.5741160245159063,2,4,2.8,2.5,4,4,3.5,3.2510441442050304
2024-04-19T17:30:32.899194,2,3.0,2.8740715653871316,3.436209285407026,3,2.4070324013825406,2.5,2.2,3,1.9381554948890718,3.5,3.4931814867088313
2025-01-25T11:06:46.006078,5,4.0,4,3.5966073064768564,2,2.257039505603996,2.9,3.9,2,3.133233111631003,3.5,3.6362995120422035
2024-09-18T00:01:05.768964,4,3.0,1.2426046534220672,3.7300137522651866,4,2.634547251291387,3.2,0.2,4,3.0698558231318147,3.5,3.2427665515386743
2024-10-25T07:38:03.797994,3,4.0,4,2.5866195789082242,2,4,3.2,0.8,3,2.2409273714060873,4.0,3.8843291524230734
2024-07-31T17:17:34.488770,3,3.5,4,2.5580607628091956,2,2.2883218588633434,3.1,3.0,2,2.025563732015555,3.5,3.7696137950084676
2024-12-21T02:08:35.716113,4,3.0,2.1441666452888852,3.9640109080415344,4,4,3.2,1.8,2,1.9729300917954151,3.5,3.9749637797623074
2024-12-25T11:25:55.870955,5,3.0,2.3851343688740094,3.268121591808489,4,3.7901902745135105,3.1,1.9,4,1.072342977978894,3.5,3.6538700246058973
2025-03-23T00:13:02.435301,4,4.0,2.9176606650481776,2.7348235860612222,4,2.2288417663222324,3.3,2.7,4,3.7398852101967837,3.5,3.5152675968811593
2024-07-21T22:50:37.304108,3,4.0,3.8507384341327304,3.941209318514354,2,3.7922951383760406,3.5,2.1,2,1.8940554095637707,3.5,3.41441698922187
2024-10-09T00:19:37.835214,3,4.0,4,2.9164463663613795,4,2.0159345357185634,3.9,0.8,3,3.978246488554549,3.5,3.956511275846737
2025-01-25T04:28:44.629167,3,3.5,2.9483337268251004,3.0814819880717232,4,2.716437343729969,2.4,0.2,3,3.97359612731887,4.0,3.044970097579707
2025-02-12T09:42:04.204570,3,4.0,4,3.682965213882156,2,3.284304569164514,3.0,1.7,4,3.505513914743221,4.0,3.695610808431938
2024-11-24T07:21:55.461859,2,4.0,1.9572989960317166,3.6055003734348015,3,3.577754292740776,3.5,1.7,2,2.4040715191191526,3.5,3.369144145014588
2025-01-08T01:33:51.374293,4,4.0,4,2.6018837214255948,4,2.6357075501427523,3.0,2.8,4,2.2863911038407845,3.5,3.7361428639410903
2024-11-16T13:57:13.753183,3,3.0,4,3.726917168776036,4,3.1958232346290956,3.3,2.1,3,0.8711733486993869,3.5,3.005941733274067
2024-04-07T21:28:00.891829,1,3.0,3.7189086571768253,3.9249042815843875,3,2.435265784210196,3.4,3.8,4,3.4791823905800703,3.5,3.495952392281513
2024-08-25T20:52:33.070654,3,3.5,2.626791048873665,2.534461760973708,4,2.162132103859203,3.5,2.2,3,3.583810860356153,3.5,3.5937157834888387
2024-07-08T06:47:54.750185,3,3.5,3.8780859576694735,2.64324280746047,3,4,2.8,3.1,3,3.9426027600714133,3.5,3.1535672156134757
2025-02-12T23:14:37.565981,3,3.0,3.688860730552375,3.8610106024482658,4,3.5081256462204204,3.0,1.5,4,3.293659514466242,3.5,3.8749813871498384
2024-10-20T22:45:09.227680,5,4.0,2.7691934937049414,3.7839972359800624,3,4,2.7,3.2,2,3.3719075516348993,3.5,3.390654167672408
2025-01-21T09:53:32.962161,4,3.5,3.5777430701555213,2.989453059998769,2,3.304481602043091,3.8,0.4,2,3.8037743092917378,3.5,3.7001582110881874
2024-05-08T07:16:09.464549,3,3.5,2.1212675136933217,3.844602426853039,3,4,3.4,3.5,3,2.9194592622434397,3.5,3.9698614573332907
2024-09-28T04:42:23.094929,3,3.0,3.2502000227194983,3.729867896786683,3,3.738670829153638,3.4,0.7,2,4,3.5,3.64344335510481
2024-09-14T15:35:32.998016,4,3.0,4,3.15830325090642,3,2.934616265636466,3.3,1.9,2,3.023014581058098,3.5,3.8630523664641454
2024-06-23T17:30:13.320134,5,3.0,3.025011313339168,3.637432505789789,2,3.9222303293003757,3.3,2.3,4,2.3178054057370625,3.5,3.879969131352353
2024-09-15T23:12:31.699757,4,4.0,3.0565617953786823,3.0798168038032765,3,3.453987430042263,2.3,3.1,4,3.8112328777797044,3.5,3.413530874612346
2024-11-10T09:37:06.065447,3,3.0,3.842129676418409,3.857339738823936,4,3.25287930377438,3.2,2.6,3,3.2572356009183565,3.5,3.612297037667848
2025-01-11T12:43:43.945648,4,3.0,4,3.834838853398313,3,2.158509615276745,3.1,1.9,4,1.177796138928434,3.5,3.7137998732725594
2024-07-13T13:04:15.826784,3,3.5,4,3.3087820625820665,4,3.839415091943908,3.2,2.3,3,3.5946716809563077,3.5,3.4627425309771858
2024-08-24T04:30:03.267292,3,3.0,1.0804223928678414,2.810615970210175,2,2.303172226905681,2.9,1.9,3,2.7973559099283873,3.5,3.6130931395957995
2025-03-17T02:54:50.004518,3,3.5,4,3.418873670419673,2,2.585026045901745,3.4,3.2,4,3.1551371769695384,4.0,3.5089427200227776
2024-10-14T19:01:18.170598,3,3.0,4,3.815853790684433,3,2.4633260285246648,3.1,2.1,4,2.940732225768449,3.5,3.197112344026905
2024-10-06T08:05:37.955716,2,4.0,3.2643104602511115,2.79959952743692,2,3.253329062632677,2.7,1.3,2,3.4132075489957803,3.5,3.090866075793818
2025-02-16T15:35:59.894432,4,4.0,3.0238790218377365,3.6812404148506808,4,3.129835829820488,2.4,0.8,2,2.8306757280358195,3.5,3.1113057259976364
2024-07-13T03:33:29.273869,4,3.0,3.156618031198467,3.316308886232238,3,3.1327597607977706,3.4,3.0,4,2.5173639577450593,4.0,3.0130648757401364
2024-05-31T04:11:06.933494,3,3.0,2.6627850723640605,2.680802597295938,3,2.299847654469802,2.3,0.4,3,4,3.5,3.183355578780812
2024-04-25T16:33:15.432884,4,3.0,3.922607821092709,3.796066388463574,4,2.4903153334427435,3.4,1.6,2,3.592142697841322,3.5,3.6223309180071928
2024-11-15T13:08:28.186765,2,4.0,4,3.162257265855901,4,2.716588514977908,2.6,1.3,2,4,3.5,3.4019768314396206
2025-02-18T23:29:53.115924,3,3.5,2.2320716155864506,3.7426481740231567,2,2.178704414818397,3.0,2.9,2,2.6022246353891365,3.5,3.7882067989902404
2024-11-22T21:31:48.997952,3,3.5,4,2.641004862946669,2,3.092313927402082,3.2,1.4,2,4,3.5,3.5717735031855713
2024-12-16T07:00:45.358887,3,3.5,3.1384681553332965,2.683009605149164,3,2.2826273324129307,2.6,1.0,2,3.069966587442758,3.5,3.950285736046896
2024-11-16T23:18:45.896150,4,3.0,3.1235373538522317,2.5182631498954153,3,2.683753465799426,2.4,3.0,3,4,3.5,3.894869027287704
2024-08-16T16:54:41.280455,4,3.5,2.524241756281201,2.60393639461848,3,2.069446994782335,3.5,0.9,2,3.4966374703028906,3.5,3.4074753765155092
2025-02-06T10:11:30.857931,3,4.0,2.6873258221458234,2.519714377715885,4,2.0645168099041658,2.3,3.0,2,3.4658124461997244,3.5,3.5927343137551935
2024-12-03T07:37:50.105630,2,3.0,3.302137560875889,3.866413449774342,3,4,3.3,2.5,2,3.003563194703649,4.0,3.3920835836540664
2025-03-16T12:47:29.308765,4,3.5,4,3.446081849453942,2,2.2520934286711642,3.1,3.4,3,3.4313847163939286,3.5,3.827528190188769
2025-02-24T08:11:04.619558,3,3.0,3.665438983296123,3.595204136667526,4,2.2057327394720856,3.7,2.4,4,2.197039893497333,3.5,3.466967436954404
2024-10-13T10:46:04.933262,3,4.0,3.960518039054252,3.823178407744145,2,3.6076544828072077,3.2,2.3,4,1.4445531511750336,3.5,3.1025504319151525
2024-05-25T03:06:40.747120,4,3.0,4,2.573948312560897,4,2.1843582062911913,3.7,3.8,2,2.068572431224318,3.5,3.071069079429604
2024-08-06T01:37:35.171176,3,3.5,2.2691009905519843,3.7289001033276854,2,2.305844050486488,3.5,3.7,3,3.323912989105214,3.5,3.0907280351350113
2024-12-15T03:23:08.101980,3,4.0,4,2.704103113734403,4,3.2462276362848526,2.7,3.2,2,0.5240872448656924,3.5,3.1982574169591302
2025-03-14T09:01:27.528176,3,3.0,2.354804311623125,3.977269843037156,4,3.869623320303466,3.2,2.2,4,2.326700677909598,3.5,3.3397086802818174
2024-05-16T20:26:18.834676,3,3.0,4,3.2744430363346577,3,2.235132257325543,3.0,2.7,4,2.3622929788595615,4.0,3.8689113605935295
2024-12-11T07:06:26.495034,3,3.0,3.5461535969782543,2.5501926121259317,4,2.450500620297169,3.4,3.8,4,3.095102032903192,3.5,3.36928678260049
2024-05-26T03:34:12.506092,3,4.0,2.7441524868439098,3.023068030811623,3,4,3.3,2.1,2,3.558389149503259,3.5,3.8743894023874708
2024-11-16T03:06:44.458661,3,3.5,3.4577636433436556,3.686930514630763,2,3.2198294895081268,3.5,1.6,2,4,3.5,3.2962194013170656
2024-04-21T22:10:06.819508,3,3.5,4,2.577940075546159,3,3.107477981608918,3.2,3.1,2,2.5313697466703537,3.5,3.3318748635099547
2025-02-08T19:56:35.910563,3,3.0,2.1851143700356643,2.567737860117234,2,4,3.7,2.2,2,2.3273737104607473,4.0,3.7555224166479424
2024-09-10T13:51:37.195333,4,3.5,2.9909956869346077,3.949576247477837,4,2.6291949249885245,3.6,0.7,3,4,4.0,3.9291826835799775
2025-01-20T05:00:11.674820,3,3.5,2.085249150628057,2.8160641189336424,2,4,2.8,1.6,3,4,3.5,3.782489745592491
2024-04-12T03:05:27.755346,2,4.0,3.6682154433226053,3.441270297491049,2,2.051335161679367,2.7,1.6,4,2.4742162893467268,3.5,3.6253800625122836
2024-08-27T11:15:17.846262,2,3.0,4,3.8104406408194325,3,2.149126532955849,2.8,1.8,4,2.7943742927929818,3.5,3.8060147173138965
2024-05-06T13:20:33.130119,4,4.0,4,3.559155248824171,3,2.3776975649432983,3.7,2.3,4,2.401858334069189,4.0,3.772822296152747
2024-12-20T07:05:14.683396,2,4.0,3.830322029333489,3.5535389240613338,2,3.8308144897021945,3.8,1.2,2,2.8532182427884814,4.0,3.899330459961629
2024-09-17T12:00:31.725540,4,3.0,4,2.6167589173296824,2,3.5255029249345853,3.1,2.5,2,2.5399437328893524,3.5,3.8972894798595044
2024-07-31T04:10:05.987227,2,3.0,3.1661099754412554,3.5169130083114943,4,2.895884006548092,2.5,1.7,4,3.404071345141248,3.5,3.3648973597101697
2025-01-23T13:58:00.650544,3,3.0,3.0393151901831184,3.213373553854759,4,4,3.0,2.8,3,4,4.0,3.4356284880269805
2024-12-08T20:13:27.736629,4,4.0,3.449480254421968,3.332439453617748,4,4,3.2,1.4,2,4,3.5,3.844494437761191
2025-01-17T02:46:58.092384,3,4.0,3.6012764951641305,2.883520438627116,3,3.5958611782818783,3.6,2.9,4,3.7838997182751015,4.0,3.8586854328891387
2024-10-10T09:56:25.913774,2,3.5,3.591317541251667,3.8884715637577267,3,2.3562840854440803,3.6,0.5,4,3.5075664924831758,3.5,3.057758648407925
2025-01-07T22:02:34.586281,4,4.0,4,2.591081077008299,4,4,3.4,0.6,3,1.9959038183799207,3.5,3.80085231517643
2025-01-31T15:33:47.927896,3,3.0,4,3.7477728068917733,4,2.0914324367708557,3.2,1.4,3,3.492727880801131,3.5,3.184748809356044
2024-08-12T18:04:37.557560,4,3.0,2.8414171654176723,3.0358826624153865,2,2.7060721754457107,3.6,1.8,4,2.359632960839418,3.5,3.1851305438258475
2025-01-06T22:08:36.425574,4,3.5,3.116812482109667,3.44400927826102,4,3.052147396908383,3.8,3.3,4,3.957937979539105,3.5,3.2187395042863014
2024-12-30T01:32:06.869381,3,3.0,3.286556440503942,3.1072673227442755,3,2.088528414338179,3.5,3.1,4,2.6347713216499944,3.5,3.7052693361286195
2025-03-24T01:21:53.566977,4,4.0,2.005126267648853,2.543480820199673,4,4,3.4,1.2,2,3.875954043650196,3.5,3.873378817703058
2024-12-09T09:43:06.839506,4,4.0,3.40422717011246,3.333416783731619,4,2.3062193523046988,2.4,1.3,3,2.6689313007043047,3.5,3.5962195698111263
2024-09-07T22:55:44.783094,4,3.5,3.554904596808026,3.1919400659466755,3,2.8153104113756897,2.3,2.1,4,2.8562330939083895,4.0,3.906220977515165
2024-04-15T17:08:20.765232,4,3.0,2.9516925627257646,3.507096669118136,4,2.892685424342838,3.3,1.0,4,3.067644025208508,3.5,3.2593742173599387
2024-10-09T09:01:28.359610,4,3.5,4,3.287012060765984,3,2.42214499435632,2.4,1.0,2,3.182932075310508,3.5,3.075887087176392
2025-02-19T14:42:24.328187,3,3.5,2.062012297243162,2.770692428732355,2,2.53853206713854,2.9,2.3,3,2.1514093617383416,3.5,3.5961736751145934
2024-12-17T19:45:20.684675,4,4.0,1.880954581675029,2.768857981395065,2,4,3.4,0.9,4,2.418688264588962,3.5,3.5396314236719904
2024-08-24T10:49:46.960763,3,3.0,2.792718744394804,3.1973651416184596,4,2.0077205438145653,2.8,2.8,3,3.0239763705730636,3.5,3.8585095045376354
2025-03-12T04:28:16.855920,3,3.5,2.21396558223541,2.7336168383756325,3,2.4525278884026136,3.1,3.9,4,3.6185488222871167,4.0,3.0340320546405524
2025-01-15T04:53:45.832978,3,3.0,2.8514941783985437,3.596595155856469,3,2.071104476935752,2.9,1.1,2,1.8845590240892724,3.5,3.6940428150215174
2024-07-17T13:29:25.747253,3,4.0,3.4535769955010736,3.7820348783599673,2,4,3.2,3.5,4,3.1009674339240814,3.5,3.8606602224832645
2024-06-01T23:21:28.596844,5,4.0,2.048267527199049,3.6358199641612226,4,2.6186628249120427,2.9,3.0,2,4,3.5,3.4597038616738263
2024-07-29T22:37:07.643421,2,3.5,2.667557025770906,3.419120876793597,2,4,2.9,1.1,3,3.9129920953500346,4.0,3.66927856552453
2024-08-21T04:59:58.898295,5,4.0,2.66944239985812,2.9136386118442323,2,2.0758705014663015,2.3,2.4,2,3.406147366407179,4.0,3.9294732257857587
2024-05-18T06:42:28.386292,4,3.0,4,3.220139663382575,4,2.311855292234543,3.5,3.1,2,3.6943368162388683,3.5,3.9280160473598906
2025-04-03T20:55:40.721676,3,3.5,4,3.5455625198106917,4,2.1673104447023253,3.5,2.7,3,4,4.0,3.6887130562878747
2024-10-23T22:38:28.528620,4,3.5,4,2.672162098497054,3,2.0291494044357234,3.0,2.5,3,3.3917451587598855,3.5,3.0589579716338906
2025-02-21T14:16:57.277870,3,4.0,3.836703432976928,2.526186926646839,3,3.7934735621347575,3.5,1.4,4,2.027639364224347,3.5,3.2342477708518595
2024-06-25T09:02:06.568852,2,4.0,4,2.803265838317261,4,2.1081505716624642,2.2,3.2,2,3.179518776107626,3.5,3.990501345525628
2024-06-07T03:15:02.605113,2,3.0,3.9589549744809327,3.1556487913812266,2,3.5620419924294313,3.2,1.9,2,2.2465320301925535,3.5,3.5051886209454457
2025-03-12T08:16:16.305125,3,4.0,3.7427256173150742,2.8864818844539153,3,2.768733184656605,2.9,0.4,3,3.8919441335399605,4.0,3.805257144187809
2025-02-22T02:13:18.432987,4,3.0,2.85354257661114,3.005795318525154,2,2.6253737172487783,3.5,2.6,2,2.1118692831515107,3.5,3.703429055664105
2024-11-23T15:31:47.249306,3,4.0,3.601435206833305,3.26366406311275,2,2.661356028002491,3.4,2.1,4,2.469009465788843,4.0,3.5004601789803527
2024-04-06T00:17:53.459551,3,3.5,2.192949428569082,3.1582648681498617,4,2.3561660819670207,3.1,1.8,2,3.94378836548698,3.5,3.3265077299174184
2024-05-16T22:20:19.713929,4,4.0,3.144696900121412,3.2818465034789224,2,2.131985629094944,3.7,2.5,3,2.5162743452641756,3.5,3.1444696988969847
2024-06-27T19:45:30.651795,4,3.5,2.864030434500412,2.784226039005576,3,2.037336105633675,3.3,3.1,2,3.3507306390974128,3.5,3.7529035855960164
2024-09-14T01:56:46.426803,2,3.5,2.53112842986693,2.958994765931054,3,2.1403618179367685,3.6,2.2,3,3.4014461063083257,3.5,3.3518166663568314
2024-09-24T18:22:36.445222,4,3.0,3.1335776574119123,3.2272690669860205,3,2.649973167686677,2.4,1.9,4,4,3.5,3.7712737074385356
2024-12-19T16:08:25.684361,4,3.0,3.3431307771380334,2.8602677417741385,4,2.162573982708586,3.4,2.3,4,4,4.0,3.004052597855129
2024-09-23T07:58:17.044667,4,3.0,4,3.09757227014795,4,2.6112797609180993,3.0,2.3,4,1.2111943857810272,3.5,3.489429130168247
2024-06-17T18:26:48.459291,4,3.0,3.313152125732481,2.7810249325843808,3,3.6277898914447313,3.3,2.1,2,4,4.0,3.015598161339803
2024-11-02T00:42:47.277746,4,3.5,2.542940597077398,3.7529576434108596,2,2.5591580398855034,3.8,2.5,3,3.7230187058264432,3.5,3.177098828817778
2024-04-15T23:17:19.178232,3,3.0,4,3.2128485570064225,4,3.6368918371083527,3.5,2.1,3,1.8761418234435994,3.5,3.3377377054378132
2024-04-30T22:15:39.959871,2,4.0,4,2.909719247921161,3,3.8060771741386565,2.5,2.2,2,1.0680929491851903,3.5,3.9585251212573427
2024-04-21T19:57:01.809868,3,3.0,4,3.2558992691456483,3,3.1694415935040676,3.0,1.9,2,2.665841899756122,4.0,3.1872729966032507
2024-06-23T15:55:15.286848,4,3.5,3.4657086203161502,3.229670012632865,4,4,2.6,1.8,3,1.6241206276034625,3.5,3.8676215822756888
2024-12-16T00:33:57.361546,4,3.0,3.6769244995907147,3.341816622347074,4,3.004116578147408,3.7,2.1,4,3.499969705004413,3.5,3.3623404507122703
2024-10-25T15:40:21.529119,2,3.0,2.6854626862328113,3.570888920333545,4,2.0988705319972816,3.7,2.9,2,3.542931996474599,4.0,3.5090423501938237
2024-09-07T21:38:36.815923,3,3.0,1.955586576839733,3.040130718323945,3,2.1577427053163936,3.3,1.0,2,2.060873964921103,3.5,3.5729017657549083
2024-11-26T20:03:02.731469,4,4.0,2.451101084003492,3.4048632747796534,4,2.209364836573145,2.8,3.2,2,3.995723208866451,3.5,3.1997519571353457
2025-03-13T12:22:55.628818,3,4.0,3.3902036838987097,2.645671827652068,3,2.257825642943491,3.4,1.3,3,0.677746499857601,3.5,3.109826850438491
2024-10-27T21:02:17.998966,3,4.0,3.633837637277434,3.8228152555054784,3,2.5215770774987036,2.6,1.9,3,1.7388455387086652,3.5,3.740681231018526
2024-11-09T01:05:15.973296,2,4.0,4,3.0933043255295414,4,2.934493943649239,2.5,2.2,2,1.1759172688923958,3.5,3.4090516777341255
2024-07-10T00:50:28.693745,2,4.0,3.717300177138117,3.9754917942517816,2,2.14062472720576,3.2,1.8,2,3.6411887852179357,4.0,3.3409301126789677
2025-01-06T15:18:03.066104,2,3.5,2.784911742512171,2.9845708224592244,4,3.2892472049070696,2.8,0.7,4,4,3.5,3.8712632355907504
2025-03-18T14:49:41.263723,4,4.0,3.9332238959024273,2.944487224717108,3,2.9776195705688924,3.4,3.4,3,2.9095126067925996,3.5,3.8214341111906447
2024-06-17T21:21:57.366774,3,3.5,3.473520262452867,3.497510291204964,3,2.755058295729182,3.4,0.8,4,2.8051696204272902,4.0,3.904939197095712
2025-01-09T20:26:44.679909,4,4.0,3.6483110153667857,3.3026166558970633,4,3.234936319912083,3.0,0.5,3,4,4.0,3.5531388915850726
2024-07-09T09:53:10.558346,3,3.5,2.3398545800001873,3.5781468676568564,4,2.4599940009397985,3.5,3.8,3,3.861158833685314,3.5,3.9286882975182147
2024-11-02T16:24:17.269713,3,4.0,4,2.715551913286591,2,2.542302189970178,2.2,1.7,4,3.2056108221893416,4.0,3.3234870197146638
2024-12-25T12:16:10.285945,3,3.0,4,3.7770586711701797,3,2.5140598921626793,2.7,0.3,2,3.9267135193914116,3.5,3.593311624108479
2024-11-05T21:54:34.038854,5,3.0,2.4557928459771263,3.247442493919196,4,3.2732866689552766,3.3,1.7,2,3.3424185384009895,3.5,3.1654649211211523
2024-07-13T16:14:27.789302,2,3.5,3.616431157280089,2.8715250922620417,4,2.0091865703441583,3.6,1.0,4,3.928845808539907,3.5,3.8795605850183046
2025-02-07T08:20:13.508709,4,4.0,4,3.750846380631472,3,2.962897940042893,3.4,2.3,2,3.9960462819758757,3.5,3.426350213892552
2024-05-16T09:14:05.850805,3,3.5,2.3735889144459326,3.9283459263338347,2,2.1403223485163374,3.0,1.9,2,4,3.5,3.8817179539053193
2025-03-09T01:13:05.044752,2,4.0,3.3384188093370404,3.3676949399003573,4,2.619941642357729,3.6,1.9,2,3.6066331087241617,3.5,3.468860494037039
2024-12-10T03:31:53.294332,3,3.5,3.6657985118324876,2.8017175173703506,4,2.8926016306708044,2.9,1.1,2,3.3323769711863984,4.0,3.054812414048762
2024-12-20T11:11:51.432579,4,3.5,3.72323889870511,3.16243596579442,4,2.0030926407881107,3.7,1.2,4,1.501967561602019,3.5,3.180136587957471
2024-11-25T11:27:39.516788,4,3.5,3.448406079905683,3.87462600420736,3,4,3.1,1.6,2,2.1528776186572744,3.5,3.262675270078349
2024-05-26T12:20:54.591927,3,4.0,4,3.663467652678586,4,4,3.6,2.6,4,2.646173125959516,3.5,3.8614822816365115
2024-05-16T16:16:00.794154,5,3.0,4,3.1700226650253924,3,2.5682844444485586,3.6,3.0,4,2.5237924679164223,4.0,3.150475835012011
2025-03-06T09:30:16.879305,3,3.0,3.2693486754570973,2.7003152636539585,2,2.66446022179907,3.6,1.0,2,3.284522575120615,3.5,3.2378824002669395
2024-11-19T11:53:59.128622,5,3.5,2.4133686412949595,3.3322875013291497,3,2.177033387023066,3.7,2.5,2,2.3535702057791346,4.0,3.196690155495967
2024-11-22T04:32:15.635599,2,4.0,3.3806544455642897,3.8204541271014345,3,2.786450845197258,2.5,3.5,3,1.5731585867345477,3.5,3.2686383841465356
2024-11-04T12:32:29.500394,3,4.0,4,3.1416569935348706,4,2.3004611927918153,3.6,3.5,4,3.410858900740669,3.5,3.190558373192885
2024-06-07T12:57:32.812749,3,3.0,4,2.6990487633101585,3,2.906768422990257,3.7,3.1,4,4,3.5,3.1108960863975366
2024-06-14T12:17:56.021369,2,3.0,3.6020845187528274,2.6751886452766342,2,3.188584606508871,2.4,1.9,4,1.9289205059399157,3.5,3.955234079335781
2024-08-08T12:58:14.755505,3,4.0,2.1529997496828015,3.6332886588967743,3,2.6716984587947694,3.7,1.4,2,3.5463841926747905,3.5,3.313036001595017
2025-03-02T03:08:59.909078,3,3.0,4,3.5245120714604714,4,3.2584594882691382,3.1,2.5,4,3.3412337857889294,3.5,3.6873086092574447
2024-05-01T15:32:13.369022,4,3.0,2.9138255262342194,3.753079694054983,4,2.5604021826225796,2.8,1.6,2,4,4.0,3.0776827138531924
2024-10-25T09:11:03.265432,5,4.0,3.5704800683456903,2.5410367997039622,3,4,3.1,2.2,3,4,3.5,3.687797396813938
2024-04-25T10:09:15.612100,4,3.0,3.524765384268612,2.538448641487624,3,3.382803384375741,3.1,1.9,2,2.7697800592945074,3.5,3.0023219955603446
2025-03-25T17:23:34.720628,3,3.0,4,2.9788859114716453,4,2.1164919917172087,3.3,1.7,3,3.441496778934945,3.5,3.0551324877402966
2024-09-28T14:31:58.200058,4,4.0,3.5425831751661225,3.010292444103495,4,2.2722377835562098,3.6,0.5,4,3.318778866821185,3.5,3.754018117650502
2024-07-23T19:12:29.436557,4,4.0,4,2.5076059208274977,2,4,2.7,2.0,4,1.9044567976801183,4.0,3.857376199685489
2024-09-23T22:32:17.248233,3,4.0,4,3.3929240770868736,3,2.5051015514759314,2.9,2.4,3,3.9097447444128073,4.0,3.0395791746618235
